<?xml version="1.0" encoding="UTF-8"?>
<beans xmlns="http://www.springframework.org/schema/beans"
       xmlns:xsi="http://www.w3.org/2001/XMLSchema-instance"
       xmlns:mvc="http://www.springframework.org/schema/mvc"
       xmlns:context="http://www.springframework.org/schema/context"
       xmlns:jpa="http://www.springframework.org/schema/data/jpa"
       xmlns:tx="http://www.springframework.org/schema/tx"
       xsi:schemaLocation="
       http://www.springframework.org/schema/mvc
       http://www.springframework.org/schema/mvc/spring-mvc-3.0.xsd
       http://www.springframework.org/schema/beans
       http://www.springframework.org/schema/beans/spring-beans-3.0.xsd
       http://www.springframework.org/schema/context
       http://www.springframework.org/schema/context/spring-context-3.0.xsd
       http://www.springframework.org/schema/tx
       http://www.springframework.org/schema/tx/spring-tx.xsd
       http://www.springframework.org/schema/data/jpa
       http://www.springframework.org/schema/data/jpa/spring-jpa.xsd
       ">

    <mvc:resources mapping="/css/**" location="/css/"/>
    <mvc:resources mapping="/js/**" location="/js/"/>
    <mvc:resources mapping="/fonts/**" location="/fonts/"/>
    <mvc:resources mapping="/imgs/**" location="/imgs/"/>
    <mvc:annotation-driven/>
    <mvc:interceptors>
        <mvc:interceptor>
            <mvc:mapping path="/admin/main"/>
            <mvc:mapping path="/admin/contract/**"/>
            <mvc:mapping path="/admin/user/**"/>
            <mvc:mapping path="/admin/admin-account/**"/>
            <bean class="com.blainechai.interceptor.AdminInterceptor"/>
        </mvc:interceptor>

        <mvc:interceptor>
            <mvc:mapping path="/main/**"/>
            <bean class="com.blainechai.interceptor.LoginInterceptor"/>
        </mvc:interceptor>
    </mvc:interceptors>

    <context:component-scan base-package="com.blainechai"/>

    <bean class="org.springframework.web.servlet.view.InternalResourceViewResolver">
        <property name="prefix" value="/WEB-INF/pages/"/>
        <property name="suffix" value=".jsp"/>
    </bean>


    <bean id="propertyConfigurer"
          class="org.springframework.beans.factory.config.PropertyPlaceholderConfigurer">
        <!-- <property name="ignoreUnresolvablePlaceholders" value="true" /> -->
        <property name="locations">
            <list>
                <value>classpath:database.properties</value>
            </list>
        </property>
    </bean>

    <jpa:repositories base-package="com.blainechai.repository"/>

    <tx:annotation-driven transaction-manager="transactionManager"/>

    <bean class="org.springframework.orm.jpa.JpaTransactionManager"
          id="transactionManager">
        <constructor-arg ref="entityManagerFactory"/>
    </bean>

    <bean id="dataSource" class="org.springframework.jdbc.datasource.DriverManagerDataSource">
        <property name="driverClassName" value="${jdbc.driverClassName}"/>
        <property name="url" value="${jdbc.url}"/>
        <property name="username" value="${jdbc.username}"/>
        <property name="password" value="${jdbc.password}"/>
    </bean>

    <bean id="entityManagerFactory" class="org.springframework.orm.jpa.LocalContainerEntityManagerFactoryBean">
        <property name="dataSource" ref="dataSource"/>
        <property name="persistenceUnitName" value="jpa.unit"/>
        <property name="jpaVendorAdapter">
            <bean class="org.springframework.orm.jpa.vendor.EclipseLinkJpaVendorAdapter">
                <property name="showSql" value="true"/>
                <property name="generateDdl" value="true"/>
                <property name="databasePlatform" value="org.eclipse.persistence.platform.database.MySQLPlatform"/>
            </bean>
        </property>
        <property name="jpaDialect">
            <bean class="org.springframework.orm.jpa.vendor.EclipseLinkJpaDialect"/>
        </property>
        <property name="jpaPropertyMap">
            <props>
                <prop key="eclipselink.weaving">false</prop>
            </props>
        </property>
    </bean>
</beans>