<?xml version="1.0" encoding="UTF-8"?>

<beans xmlns="http://www.springframework.org/schema/beans"
       xmlns:context="http://www.springframework.org/schema/context"
       xmlns:mvc="http://www.springframework.org/schema/mvc" xmlns:xsi="http://www.w3.org/2001/XMLSchema-instance"
       xsi:schemaLocation="
        http://www.springframework.org/schema/beans
        http://www.springframework.org/schema/beans/spring-beans-3.0.xsd
        http://www.springframework.org/schema/context
        http://www.springframework.org/schema/context/spring-context-3.0.xsd
        http://www.springframework.org/schema/mvc
        http://www.springframework.org/schema/mvc/spring-mvc-3.0.xsd">




    <!--<mvc:interceptors>-->
        <!--<mvc:interceptor>-->
            <!--<mvc:mapping path="/admin/main"/>-->
            <!--<mvc:mapping path="/admin/contract/**"/>-->
            <!--<mvc:mapping path="/admin/user/**"/>-->
            <!--<mvc:mapping path="/admin/business/**"/>-->
            <!--<mvc:mapping path="/admin/price/**"/>-->
            <!--<bean class="com.blainechai.interceptor.AdminInterceptor"/>-->
        <!--</mvc:interceptor>-->
    <!--</mvc:interceptors>-->
</beans>